TimestampMs,ElapsedMs,Tower,LimitState,TotalRotations,RawCounts,SpeedRPM,SpeedMMs,DrivePWM
--- NEW UPWARD HOMING EXPERIMENT SESSION ---
20948,51,A,OPEN,0.0112,46,8.33,8.29,180
20948,51,B,OPEN,0.0078,32,7.32,7.29,180
20948,51,C,OPEN,0.0066,27,7.76,7.72,180
20998,101,A,OPEN,0.0125,51,6.45,6.41,180
20998,101,B,OPEN,0.0266,109,21.68,21.57,180
20998,101,C,OPEN,0.0244,100,21.39,21.28,180
21048,151,A,OPEN,0.0125,51,0.00,0.00,180
21048,151,B,OPEN,0.0486,199,25.78,25.65,180
21048,151,C,OPEN,0.0483,198,28.71,28.56,180
21098,201,A,OPEN,0.0125,51,0.00,0.00,180
21098,201,B,OPEN,0.0750,307,29.58,29.43,180
21098,201,C,OPEN,0.0752,308,32.23,32.06,180
21148,251,A,OPEN,0.0125,51,0.00,0.00,180
21148,251,B,OPEN,0.1038,425,35.62,35.43,180
21148,251,C,OPEN,0.1072,439,38.38,38.18,180
21199,302,A,OPEN,0.0125,51,0.00,0.00,180
21199,302,B,OPEN,0.1343,550,35.62,35.43,180
21199,302,C,OPEN,0.1399,573,38.49,38.29,180
21250,353,A,OPEN,0.1365,559,143.04,142.30,180
21250,353,B,OPEN,0.1638,671,34.75,34.57,180
21250,353,C,OPEN,0.1724,706,38.20,38.00,180
21300,403,A,OPEN,0.1555,637,24.90,24.77,180
21300,403,B,OPEN,0.1938,794,36.04,35.85,180
21300,403,C,OPEN,0.2014,825,34.86,34.68,180
21351,454,A,OPEN,0.1677,687,13.21,13.14,180
21351,454,B,OPEN,0.2190,897,28.72,28.57,180
21351,454,C,OPEN,0.2285,936,31.88,31.72,180
21402,505,A,OPEN,0.2063,845,36.48,36.29,180
21402,505,B,OPEN,0.2471,1012,32.17,32.00,180
21402,505,C,OPEN,0.2554,1046,31.59,31.43,180
21452,555,A,OPEN,0.3262,1336,127.81,127.15,180
21452,555,B,OPEN,0.2698,1105,28.72,28.57,180
21452,555,C,OPEN,0.2810,1151,30.76,30.60,180
21502,605,A,OPEN,0.4272,1750,292.68,291.16,180
21502,605,B,OPEN,0.2957,1211,31.35,31.19,180
21502,605,C,OPEN,0.3088,1265,33.40,33.23,180
21553,656,A,OPEN,0.6733,2758,152.64,151.85,180
21553,656,B,OPEN,0.3232,1324,31.64,31.48,180
21553,656,C,OPEN,0.3374,1382,33.61,33.43,180
21604,707,A,OPEN,0.6663,2729,83.30,82.87,180
21604,707,B,OPEN,0.3523,1443,35.04,34.86,180
21604,707,C,OPEN,0.3689,1511,37.05,36.86,180
21655,758,A,OPEN,0.7502,3073,37.91,37.72,180
21655,758,B,OPEN,0.3792,1553,32.17,32.00,180
21655,758,C,OPEN,0.3967,1625,32.74,32.57,180
21705,808,A,OPEN,0.6355,2603,-90.82,-90.35,180
21705,808,B,OPEN,0.4075,1669,34.28,34.10,180
21705,808,C,OPEN,0.4250,1741,33.98,33.81,180
21756,859,A,OPEN,0.6289,2576,-32.46,-32.29,180
21756,859,B,OPEN,0.4304,1763,26.71,26.57,180
21756,859,C,OPEN,0.4495,1841,28.72,28.57,180
21807,910,A,OPEN,0.5515,2259,-146.48,-145.73,180
21807,910,B,OPEN,0.4561,1868,29.01,28.86,180
21807,910,C,OPEN,0.4763,1951,31.59,31.43,180
21857,960,A,OPEN,0.5488,2248,2.30,2.29,180
21857,960,B,OPEN,0.4780,1958,27.57,27.43,180
21857,960,C,OPEN,0.5000,2048,28.42,28.27,180
21907,1010,A,OPEN,0.5439,2228,-10.25,-10.20,180
21907,1010,B,OPEN,0.4995,2046,25.20,25.07,180
21907,1010,C,OPEN,0.5247,2149,29.59,29.44,180
21958,1061,A,OPEN,0.5425,2222,-2.34,-2.33,180
21958,1061,B,OPEN,0.5269,2158,31.64,31.48,180
21958,1061,C,OPEN,0.5513,2258,31.31,31.15,180
22009,1112,A,OPEN,0.5530,2265,10.05,10.00,180
22009,1112,B,OPEN,0.5535,2267,31.88,31.72,180
22009,1112,C,OPEN,0.5811,2380,35.04,34.86,180
22059,1162,A,OPEN,0.5527,2264,0.88,0.87,180
22059,1162,B,OPEN,0.5781,2368,29.00,28.85,180
22059,1162,C,OPEN,0.6099,2498,34.57,34.39,180
22110,1213,A,OPEN,0.5527,2264,0.00,0.00,180
22110,1213,B,OPEN,0.6057,2481,32.46,32.29,180
22110,1213,C,OPEN,0.6428,2633,38.78,38.58,180
22161,1264,A,OPEN,0.5527,2264,0.00,0.00,180
22161,1264,B,OPEN,0.6318,2588,31.59,31.43,180
22161,1264,C,OPEN,0.6733,2758,35.90,35.72,180
22212,1315,A,OPEN,0.6074,2488,29.01,28.86,180
22212,1315,B,OPEN,0.6594,2701,32.74,32.57,180
22212,1315,C,OPEN,0.7034,2881,35.33,35.15,180
22262,1365,A,OPEN,0.6270,2568,57.71,57.42,180
22262,1365,B,OPEN,0.6877,2817,34.57,34.39,180
22262,1365,C,OPEN,0.7295,2988,31.35,31.19,180
22313,1416,A,OPEN,0.6335,2595,16.66,16.57,180
22313,1416,B,OPEN,0.7144,2926,31.31,31.15,180
22313,1416,C,OPEN,0.7554,3094,30.45,30.29,180
22363,1466,A,OPEN,0.6333,2594,6.89,6.86,180
22363,1466,B,OPEN,0.7402,3032,31.02,30.86,180
22363,1466,C,OPEN,0.7803,3196,29.88,29.73,180
22414,1517,A,OPEN,0.6387,2616,-4.31,-4.29,180
22414,1517,B,OPEN,0.7676,3144,31.88,31.72,180
22414,1517,C,OPEN,0.8079,3309,32.46,32.29,180
22602,1705,A,OPEN,0.5288,2166,-34.78,-34.60,180
22602,1705,B,OPEN,0.8735,3578,33.82,33.65,180
22602,1705,C,OPEN,0.9114,3733,33.04,32.87,180
22653,1756,A,OPEN,0.5002,2049,-32.23,-32.06,180
22653,1756,B,OPEN,0.9038,3702,35.16,34.97,180
22653,1756,C,OPEN,0.9360,3834,29.01,28.86,180
22704,1807,A,OPEN,0.5752,2356,69.43,69.08,180
22704,1807,B,OPEN,0.9348,3829,36.76,36.57,180
22704,1807,C,OPEN,0.9602,3933,28.44,28.29,180
22755,1858,A,OPEN,0.0994,407,-615.81,-612.63,180
22755,1858,B,OPEN,0.9604,3934,29.87,29.72,180
22755,1858,C,OPEN,0.9827,4025,26.42,26.29,180
22805,1908,A,OPEN,-0.0156,-64,-58.89,-58.58,180
22805,1908,B,OPEN,0.9880,4047,33.40,33.23,180
22805,1908,C,OPEN,1.0081,4129,30.47,30.31,180
22856,1959,A,OPEN,-0.0205,-84,-6.89,-6.86,180
22856,1959,B,OPEN,1.0103,4138,26.14,26.00,180
22856,1959,C,OPEN,1.0317,4226,27.86,27.72,180
22907,2010,A,OPEN,-0.0083,-34,10.05,10.00,180
22907,2010,B,OPEN,1.0356,4242,30.45,30.29,180
22907,2010,C,OPEN,1.0610,4346,34.47,34.29,180
22957,2060,A,OPEN,0.0002,1,12.30,12.24,180
22957,2060,B,OPEN,1.0605,4344,29.59,29.44,180
22957,2060,C,OPEN,1.0894,4462,33.98,33.81,180
23007,2110,A,OPEN,0.0002,1,0.00,0.00,180
23007,2110,B,OPEN,1.0881,4457,32.52,32.35,180
23007,2110,C,OPEN,1.1201,4588,36.91,36.72,180
23058,2161,A,OPEN,0.0002,1,0.00,0.00,180
23058,2161,B,OPEN,1.1165,4573,33.03,32.86,180
23058,2161,C,OPEN,1.1538,4726,39.64,39.43,180
23109,2212,A,OPEN,0.0002,1,0.00,0.00,180
23109,2212,B,OPEN,1.1477,4701,36.76,36.57,180
23109,2212,C,OPEN,1.1848,4853,36.48,36.29,180
23159,2262,A,OPEN,0.0002,1,0.00,0.00,180
23159,2262,B,OPEN,1.1746,4811,32.23,32.06,180
23159,2262,C,OPEN,1.2126,4967,33.40,33.23,180
23210,2313,A,OPEN,0.0002,1,0.00,0.00,180
23210,2313,B,OPEN,1.2024,4925,33.03,32.86,180
23210,2313,C,OPEN,1.2385,5073,30.45,30.29,180
23261,2364,A,OPEN,0.1357,556,158.55,157.73,180
23261,2364,B,OPEN,1.2271,5026,28.72,28.57,180
23261,2364,C,OPEN,1.2639,5177,29.87,29.72,180
23312,2415,A,OPEN,0.1438,589,8.04,8.00,180
23312,2415,B,OPEN,1.2517,5127,29.30,29.15,180
23312,2415,C,OPEN,1.2878,5275,28.15,28.00,180
23362,2465,A,OPEN,0.1677,687,21.97,21.86,180
23362,2465,B,OPEN,1.2729,5214,26.07,25.94,180
23362,2465,C,OPEN,1.3176,5397,35.74,35.56,180
23412,2515,A,OPEN,0.6060,2482,472.20,469.76,180
23412,2515,B,OPEN,1.3003,5326,32.81,32.64,180
23412,2515,C,OPEN,1.3418,5496,29.00,28.85,180
23463,2566,A,OPEN,0.6697,2743,116.60,116.00,180
23463,2566,B,OPEN,1.3242,5424,28.15,28.00,180
23463,2566,C,OPEN,1.3699,5611,33.03,32.86,180
23514,2617,A,OPEN,0.7307,2993,77.84,77.44,180
23514,2617,B,OPEN,1.3547,5549,35.62,35.43,180
23514,2617,C,OPEN,1.3950,5714,29.58,29.43,180
23564,2667,A,OPEN,0.7812,3200,65.04,64.70,180
23564,2667,B,OPEN,1.3804,5654,30.47,30.31,180
23564,2667,C,OPEN,1.4192,5813,29.00,28.85,180
23615,2718,A,OPEN,0.8079,3309,31.88,31.72,180
23615,2718,B,OPEN,1.4045,5753,28.72,28.57,180
23615,2718,C,OPEN,1.4419,5906,26.71,26.57,180
23666,2769,A,OPEN,0.8242,3376,22.98,22.86,180
23666,2769,B,OPEN,1.4263,5842,25.85,25.72,180
23666,2769,C,OPEN,1.4641,5997,26.14,26.00,180
23716,2819,A,OPEN,0.8271,3388,0.88,0.87,180
23716,2819,B,OPEN,1.4473,5928,25.20,25.07,180
23716,2819,C,OPEN,1.4849,6082,24.90,24.77,180
23766,2869,A,OPEN,0.7864,3221,-46.82,-46.58,180
23766,2869,B,OPEN,1.4673,6010,24.02,23.90,180
23766,2869,C,OPEN,1.5085,6179,28.42,28.27,180
23817,2920,A,OPEN,0.7429,3043,-49.51,-49.26,180
23817,2920,B,OPEN,1.4880,6095,23.55,23.43,180
23817,2920,C,OPEN,1.5322,6276,27.86,27.72,180
23868,2971,A,OPEN,0.6707,2747,-69.51,-69.15,180
23868,2971,B,OPEN,1.5095,6183,25.85,25.72,180
23868,2971,C,OPEN,1.5557,6372,27.57,27.43,180
23918,3021,A,OPEN,0.6045,2476,-98.44,-97.93,180
23918,3021,B,OPEN,1.5303,6268,24.32,24.19,180
23918,3021,C,OPEN,1.5833,6485,33.11,32.93,180
23969,3072,A,OPEN,0.5696,2333,-39.64,-39.43,180
23969,3072,B,OPEN,1.5601,6390,35.62,35.43,180
23969,3072,C,OPEN,1.6121,6603,33.89,33.72,180
24020,3123,A,OPEN,0.5635,2308,-8.33,-8.29,180
24020,3123,B,OPEN,1.5784,6465,21.83,21.72,180
24020,3123,C,OPEN,1.6421,6726,35.33,35.15,180
24071,3174,A,OPEN,0.5657,2317,2.59,2.57,180
24071,3174,B,OPEN,1.6096,6593,35.90,35.72,180
24071,3174,C,OPEN,1.6716,6847,34.75,34.57,180
24121,3224,A,OPEN,0.5657,2317,0.00,0.00,180
24121,3224,B,OPEN,1.6321,6685,27.83,27.69,180
24121,3224,C,OPEN,1.7004,6965,34.57,34.39,180
24171,3274,A,OPEN,0.5657,2317,0.00,0.00,180
24171,3274,B,OPEN,1.6584,6793,31.59,31.43,180
24171,3274,C,OPEN,1.7241,7062,28.42,28.27,180
24221,3324,A,OPEN,0.5657,2317,0.00,0.00,180
24221,3324,B,OPEN,1.6873,6911,33.89,33.72,180
24221,3324,C,OPEN,1.7510,7172,32.23,32.06,180
24271,3374,A,OPEN,0.6008,2461,42.77,42.55,180
24271,3374,B,OPEN,1.7117,7011,29.30,29.15,180
24271,3374,C,OPEN,1.7737,7265,27.25,27.11,180
24321,3424,A,OPEN,0.5947,2436,-7.76,-7.72,180
24321,3424,B,OPEN,1.7368,7114,29.30,29.15,180
24321,3424,C,OPEN,1.7991,7369,30.47,30.31,180
24371,3474,A,OPEN,0.5730,2347,-26.07,-25.94,180
24371,3474,B,OPEN,1.7620,7217,29.72,29.57,180
24371,3474,C,OPEN,1.8247,7474,30.76,30.60,180
24422,3525,A,OPEN,0.4333,1775,-164.29,-163.44,180
24422,3525,B,OPEN,1.7886,7326,31.02,30.86,180
24422,3525,C,OPEN,1.8511,7582,31.02,30.86,180
24472,3575,A,OPEN,0.2952,1209,-165.82,-164.96,180
24472,3575,B,OPEN,1.8142,7431,31.88,31.72,180
24472,3575,C,OPEN,1.8757,7683,29.59,29.44,180
24523,3626,A,OPEN,0.2981,1221,3.45,3.43,180
24523,3626,B,OPEN,1.8408,7540,30.18,30.02,180
24523,3626,C,OPEN,1.9023,7792,31.31,31.15,180
24574,3677,A,OPEN,0.3152,1291,20.11,20.00,180
24574,3677,B,OPEN,1.8701,7660,33.03,32.86,180
24574,3677,C,OPEN,1.9258,7888,27.57,27.43,180
24625,3728,A,OPEN,0.3555,1456,47.39,47.15,180
24625,3728,B,OPEN,1.8967,7769,33.61,33.43,180
24625,3728,C,OPEN,1.9482,7980,26.42,26.29,180
24675,3778,A,OPEN,0.3826,1567,32.52,32.35,180
24675,3778,B,OPEN,1.9238,7880,31.88,31.72,180
24675,3778,C,OPEN,1.9688,8064,24.61,24.48,180
24725,3828,A,OPEN,0.4077,1670,30.18,30.02,180
24725,3828,B,OPEN,1.9500,7987,32.52,32.35,180
24725,3828,C,OPEN,1.9895,8149,24.90,24.77,180
24776,3879,A,OPEN,0.4141,1696,7.47,7.43,180
24776,3879,B,OPEN,1.9749,8089,29.88,29.73,180
24776,3879,C,OPEN,2.0117,8240,26.14,26.00,180
24827,3930,A,OPEN,0.3987,1633,-18.10,-18.00,180
24827,3930,B,OPEN,1.9983,8185,28.15,28.00,180
24827,3930,C,OPEN,2.0359,8339,28.44,28.29,180
24877,3980,A,OPEN,0.1448,593,-304.69,-303.11,180
24877,3980,B,OPEN,2.0217,8281,27.57,27.43,180
24877,3980,C,OPEN,2.0618,8445,31.05,30.89,180
24928,4031,A,OPEN,0.0789,323,-77.55,-77.15,180
24928,4031,B,OPEN,2.0439,8372,28.12,27.98,180
24928,4031,C,OPEN,2.0869,8548,29.58,29.43,180
24979,4082,A,OPEN,0.0400,164,-45.67,-45.43,180
24979,4082,B,OPEN,2.0688,8474,25.56,25.43,180
24979,4082,C,OPEN,2.1187,8678,37.34,37.15,180
25029,4132,A,OPEN,0.0327,134,-8.79,-8.74,180
25029,4132,B,OPEN,2.0959,8585,31.27,31.11,180
25029,4132,C,OPEN,2.1528,8818,41.02,40.80,180
25079,4182,A,OPEN,0.0405,166,9.38,9.33,180
25079,4182,B,OPEN,2.1208,8687,31.02,30.86,180
25079,4182,C,OPEN,2.1821,8938,35.16,34.97,180
25130,4233,A,OPEN,0.0405,166,0.00,0.00,180
25130,4233,B,OPEN,2.1492,8803,33.61,33.43,180
25130,4233,C,OPEN,2.2107,9055,33.61,33.43,180
25181,4284,A,OPEN,0.0405,166,0.00,0.00,180
25181,4284,B,OPEN,2.1775,8919,32.17,32.00,180
25181,4284,C,OPEN,2.2341,9151,27.57,27.43,180
25231,4334,A,OPEN,0.0405,166,0.00,0.00,180
25231,4334,B,OPEN,2.2051,9032,33.69,33.52,180
25231,4334,C,OPEN,2.2578,9248,28.42,28.27,180
25282,4385,A,OPEN,0.0405,166,0.00,0.00,180
25282,4385,B,OPEN,2.2297,9133,29.58,29.43,180
25282,4385,C,OPEN,2.2803,9340,26.42,26.29,180
25333,4436,A,OPEN,0.1140,467,86.45,86.01,180
25333,4436,B,OPEN,2.2554,9238,31.31,31.15,180
25333,4436,C,OPEN,2.3032,9434,27.00,26.86,180
25384,4487,A,OPEN,0.1208,495,8.04,8.00,180
25384,4487,B,OPEN,2.2754,9320,29.30,29.15,180
25384,4487,C,OPEN,2.3267,9530,27.57,27.43,180
25434,4537,A,OPEN,0.0715,293,-59.18,-58.87,180
25434,4537,B,OPEN,2.2996,9419,21.68,21.57,180
25434,4537,C,OPEN,2.3486,9620,26.37,26.23,180
25485,4588,A,OPEN,-0.2717,-1113,-403.84,-401.75,180
25485,4588,B,OPEN,2.3240,9519,31.35,31.19,180
25485,4588,C,OPEN,2.3713,9713,26.71,26.57,180
25535,4638,A,OPEN,-0.2717,-1113,0.00,0.00,180
25535,4638,B,OPEN,2.3486,9620,26.71,26.57,180
25535,4638,C,OPEN,2.3918,9797,24.61,24.48,180
25585,4688,A,OPEN,-0.2507,-1027,25.20,25.07,180
25585,4688,B,OPEN,2.3708,9711,30.47,30.31,180
25585,4688,C,OPEN,2.4131,9884,25.49,25.36,180
25636,4739,A,OPEN,-0.2190,-897,37.34,37.15,180
25636,4739,B,OPEN,2.3923,9799,26.42,26.29,180
25636,4739,C,OPEN,2.4304,9955,20.39,20.29,180
25687,4790,A,OPEN,-0.1980,-811,24.70,24.57,180
25687,4790,B,OPEN,2.4126,9882,23.55,23.43,180
25687,4790,C,OPEN,2.4473,10024,19.82,19.72,180
25738,4841,A,OPEN,-0.1804,-739,20.68,20.57,180
25738,4841,B,OPEN,2.4299,9953,23.55,23.43,180
25738,4841,C,OPEN,2.4663,10102,22.40,22.29,180
25788,4891,A,OPEN,-0.1729,-708,9.08,9.04,180
25788,4891,B,OPEN,2.4470,10023,19.34,19.24,180
25788,4891,C,OPEN,2.4844,10176,21.68,21.57,180
25839,4942,A,OPEN,-0.1675,-686,6.32,6.29,180
25839,4942,B,OPEN,2.4658,10100,19.24,19.14,180
25839,4942,C,OPEN,2.5044,10258,23.55,23.43,180
25890,4993,A,OPEN,-0.1675,-686,0.00,0.00,180
25890,4993,B,OPEN,2.4834,10172,27.00,26.86,180
25890,4993,C,OPEN,2.5247,10341,23.84,23.72,180
25941,5044,A,OPEN,-0.1826,-748,-17.81,-17.72,180
25941,5044,B,OPEN,2.5022,10249,15.51,15.43,180
25941,5044,C,OPEN,2.5422,10413,20.68,20.57,180
25991,5094,A,OPEN,-0.1978,-810,-18.16,-18.07,180
25991,5094,B,OPEN,2.5205,10324,23.14,23.03,180
25991,5094,C,OPEN,2.5601,10486,21.39,21.28,180
26041,5144,A,OPEN,-0.2424,-993,-53.61,-53.34,180
26041,5144,B,OPEN,2.5393,10401,22.85,22.73,180
26041,5144,C,OPEN,2.5781,10560,21.68,21.57,180
26092,5195,A,OPEN,-0.3162,-1295,-86.74,-86.29,180
26092,5195,B,OPEN,2.5615,10492,29.87,29.72,180
26092,5195,C,OPEN,2.6013,10655,27.29,27.15,180
26142,5245,A,OPEN,-0.3887,-1592,-87.01,-86.56,180
26142,5245,B,OPEN,2.5913,10614,26.95,26.81,180
26142,5245,C,OPEN,2.6318,10780,36.62,36.43,180
26193,5296,A,OPEN,-0.4192,-1717,-35.90,-35.72,180
26193,5296,B,OPEN,2.6189,10727,37.63,37.43,180
26193,5296,C,OPEN,2.6680,10928,42.51,42.29,180
26244,5347,A,OPEN,-0.4248,-1740,-6.61,-6.57,180
26244,5347,B,OPEN,2.6475,10844,27.29,27.15,180
26244,5347,C,OPEN,2.6975,11049,34.75,34.57,180
26295,5398,A,OPEN,-0.4209,-1724,4.60,4.57,180
26295,5398,B,OPEN,2.6738,10952,30.73,30.57,180
26295,5398,C,OPEN,2.7253,11163,32.74,32.57,180
26345,5448,A,OPEN,-0.4209,-1724,0.00,0.00,180
26345,5448,B,OPEN,2.6973,11048,33.40,33.23,180
26345,5448,C,OPEN,2.7498,11263,29.30,29.15,180
26395,5498,A,OPEN,-0.4092,-1676,14.06,13.99,180
26395,5498,B,OPEN,2.7239,11157,28.12,27.98,180
26395,5498,C,OPEN,2.7751,11367,30.47,30.31,180
26446,5549,A,OPEN,-0.4077,-1670,1.72,1.71,180
26446,5549,B,OPEN,2.7498,11263,30.45,30.29,180
26446,5549,C,OPEN,2.7996,11467,28.72,28.57,180
26497,5600,A,OPEN,-0.4375,-1792,-35.04,-34.86,180
26497,5600,B,OPEN,2.7734,11360,30.16,30.00,180
26497,5600,C,OPEN,2.8257,11574,30.73,30.57,180
26547,5650,A,OPEN,-0.5098,-2088,-86.72,-86.27,180
26547,5650,B,OPEN,2.7971,11457,28.12,27.98,180
26547,5650,C,OPEN,2.8479,11665,26.66,26.52,180
26598,5701,A,OPEN,-0.6594,-2701,-176.07,-175.16,180
26598,5701,B,OPEN,2.8235,11565,29.88,29.73,180
26598,5701,C,OPEN,2.8711,11760,27.29,27.15,180
26648,5751,A,OPEN,-0.7058,-2891,-55.66,-55.38,180
26648,5751,B,OPEN,2.8486,11668,30.16,30.00,180
26648,5751,C,OPEN,2.8931,11850,26.37,26.23,180
26698,5801,A,OPEN,-0.7051,-2888,0.88,0.87,180
26698,5801,B,OPEN,2.8738,11771,30.76,30.60,180
26698,5801,C,OPEN,2.9126,11930,23.44,23.32,180
26749,5852,A,OPEN,-0.7019,-2875,3.73,3.71,180
26749,5852,B,OPEN,2.8997,11877,30.16,30.00,180
26749,5852,C,OPEN,2.9314,12007,22.12,22.00,180
26800,5903,A,OPEN,-0.6987,-2862,3.73,3.71,180
26800,5903,B,OPEN,2.9260,11985,30.73,30.57,180
26800,5903,C,OPEN,2.9492,12080,20.97,20.86,180
26851,5954,A,OPEN,-0.7007,-2870,-2.30,-2.29,180
26851,5954,B,OPEN,2.9500,12083,30.16,30.00,180
26851,5954,C,OPEN,2.9692,12162,23.55,23.43,180
26901,6004,A,OPEN,-0.7002,-2868,0.59,0.58,180
26901,6004,B,OPEN,2.9739,12181,27.83,27.69,180
26901,6004,C,OPEN,2.9861,12231,20.21,20.11,180
26952,6055,A,OPEN,-0.7009,-2871,-0.86,-0.86,180
26952,6055,B,OPEN,2.9966,12274,27.57,27.43,180
26952,6055,C,OPEN,3.0049,12308,22.12,22.00,180
27003,6106,A,OPEN,-0.6992,-2864,2.01,2.00,180
27003,6106,B,OPEN,3.0166,12356,25.28,25.15,180
27003,6106,C,OPEN,3.0286,12405,27.86,27.72,180
27054,6157,A,OPEN,-0.6990,-2863,0.29,0.29,180
27054,6157,B,OPEN,3.0400,12452,24.70,24.57,180
27054,6157,C,OPEN,3.0471,12481,21.83,21.72,180
27104,6207,A,OPEN,-0.6992,-2864,-0.29,-0.29,180
27104,6207,B,OPEN,3.0627,12545,28.42,28.27,180
27104,6207,C,OPEN,3.0706,12577,28.12,27.98,180
27154,6257,A,OPEN,-0.6978,-2858,1.76,1.75,180
27154,6257,B,OPEN,3.0879,12648,29.59,29.44,180
27154,6257,C,OPEN,3.0894,12654,22.56,22.44,180
27204,6307,A,OPEN,-0.6960,-2851,2.05,2.04,180
27204,6307,B,OPEN,3.1111,12743,28.12,27.98,180
27204,6307,C,OPEN,3.1248,12799,42.48,42.26,180
27255,6358,A,OPEN,-0.6904,-2828,6.61,6.57,180
27255,6358,B,OPEN,3.1379,12853,30.16,30.00,180
27255,6358,C,OPEN,3.1538,12918,34.18,34.00,180
27306,6409,A,OPEN,-0.6904,-2828,0.00,0.00,180
27306,6409,B,OPEN,3.1614,12949,29.58,29.43,180
27306,6409,C,OPEN,3.1882,13059,40.50,40.29,180
27357,6460,A,OPEN,-0.6907,-2829,-0.29,-0.29,180
27357,6460,B,OPEN,3.1868,13053,27.57,27.43,180
27357,6460,C,OPEN,3.2180,13181,35.04,34.86,180
27408,6511,A,OPEN,-0.6890,-2822,2.01,2.00,180
27408,6511,B,OPEN,3.2158,13172,33.32,33.15,180
27408,6511,C,OPEN,3.2429,13283,29.30,29.15,180
27458,6561,A,OPEN,-0.6855,-2808,4.10,4.08,180
27458,6561,B,OPEN,3.2354,13252,29.59,29.44,180
27458,6561,C,OPEN,3.2639,13369,25.20,25.07,180
27508,6611,A,OPEN,-0.6826,-2796,3.52,3.50,180
27508,6611,B,CLICKED,3.2527,13323,30.73,30.57,0
27508,6611,C,OPEN,3.2878,13467,28.71,28.56,180
27558,6661,A,OPEN,-0.6829,-2797,-0.29,-0.29,180
27558,6661,B,CLICKED,3.2527,13323,30.73,30.57,0
27558,6661,C,OPEN,3.3042,13534,19.63,19.53,180
27608,6711,A,OPEN,-0.6824,-2795,0.59,0.58,180
27608,6711,B,CLICKED,3.2527,13323,30.73,30.57,0
27608,6711,C,OPEN,3.3252,13620,25.20,25.07,180
27658,6761,A,OPEN,-0.6851,-2806,-2.93,-2.91,180
27658,6761,B,CLICKED,3.2527,13323,30.73,30.57,0
27658,6761,C,OPEN,3.3435,13695,21.97,21.86,180
27708,6811,A,OPEN,-0.6868,-2813,-2.34,-2.33,180
27708,6811,B,CLICKED,3.2527,13323,30.73,30.57,0
27708,6811,C,CLICKED,3.3513,13727,21.97,21.86,0
27758,6861,A,OPEN,-0.6858,-2809,1.17,1.17,180
27758,6861,B,CLICKED,3.2527,13323,30.73,30.57,0
27758,6861,C,CLICKED,3.3513,13727,21.97,21.86,0
27808,6911,A,OPEN,-0.6873,-2815,-1.76,-1.75,180
27808,6911,B,CLICKED,3.2527,13323,30.73,30.57,0
27808,6911,C,CLICKED,3.3513,13727,21.97,21.86,0
27858,6961,A,OPEN,-0.6860,-2810,1.46,1.46,180
27858,6961,B,CLICKED,3.2527,13323,30.73,30.57,0
27858,6961,C,CLICKED,3.3513,13727,21.97,21.86,0
27908,7011,A,OPEN,-0.6877,-2817,-2.05,-2.04,180
27908,7011,B,CLICKED,3.2527,13323,30.73,30.57,0
27908,7011,C,CLICKED,3.3513,13727,21.97,21.86,0
27958,7061,A,OPEN,-0.6885,-2820,-0.88,-0.87,180
27958,7061,B,CLICKED,3.2527,13323,30.73,30.57,0
27958,7061,C,CLICKED,3.3513,13727,21.97,21.86,0
28008,7111,A,OPEN,-0.6880,-2818,0.59,0.58,180
28008,7111,B,CLICKED,3.2527,13323,30.73,30.57,0
28008,7111,C,CLICKED,3.3513,13727,21.97,21.86,0
28058,7161,A,OPEN,-0.6902,-2827,-2.64,-2.62,180
28058,7161,B,CLICKED,3.2527,13323,30.73,30.57,0
28058,7161,C,CLICKED,3.3513,13727,21.97,21.86,0
28108,7211,A,OPEN,-0.6902,-2827,0.00,0.00,180
28108,7211,B,CLICKED,3.2527,13323,30.73,30.57,0
28108,7211,C,CLICKED,3.3513,13727,21.97,21.86,0
28158,7261,A,OPEN,-0.6897,-2825,0.59,0.58,180
28158,7261,B,CLICKED,3.2527,13323,30.73,30.57,0
28158,7261,C,CLICKED,3.3513,13727,21.97,21.86,0
28208,7311,A,OPEN,-0.6895,-2824,0.29,0.29,180
28208,7311,B,CLICKED,3.2527,13323,30.73,30.57,0
28208,7311,C,CLICKED,3.3513,13727,21.97,21.86,0
28258,7361,A,OPEN,-0.6907,-2829,-1.46,-1.46,180
28258,7361,B,CLICKED,3.2527,13323,30.73,30.57,0
28258,7361,C,CLICKED,3.3513,13727,21.97,21.86,0
28308,7411,A,OPEN,-0.6919,-2834,-1.17,-1.17,180
28308,7411,B,CLICKED,3.2527,13323,30.73,30.57,0
28308,7411,C,CLICKED,3.3513,13727,21.97,21.86,0
28358,7461,A,OPEN,-0.6951,-2847,-4.10,-4.08,180
28358,7461,B,CLICKED,3.2527,13323,30.73,30.57,0
28358,7461,C,OPEN,3.3513,13727,21.97,21.86,0
28408,7511,A,OPEN,-0.6953,-2848,0.00,0.00,180
28408,7511,B,CLICKED,3.2527,13323,30.73,30.57,0
28408,7511,C,OPEN,3.3513,13727,21.97,21.86,0
28458,7561,A,OPEN,-0.6956,-2849,-0.88,-0.87,180
28458,7561,B,CLICKED,3.2527,13323,30.73,30.57,0
28458,7561,C,OPEN,3.3513,13727,21.97,21.86,0
28508,7611,A,OPEN,-0.6963,-2852,-0.29,-0.29,180
28508,7611,B,CLICKED,3.2527,13323,30.73,30.57,0
28508,7611,C,OPEN,3.3513,13727,21.97,21.86,0
28558,7661,A,OPEN,-0.6968,-2854,-0.88,-0.87,180
28558,7661,B,CLICKED,3.2527,13323,30.73,30.57,0
28558,7661,C,OPEN,3.3513,13727,21.97,21.86,0
28608,7711,A,OPEN,-0.6965,-2853,0.29,0.29,180
28608,7711,B,CLICKED,3.2527,13323,30.73,30.57,0
28608,7711,C,OPEN,3.3513,13727,21.97,21.86,0
28658,7761,A,OPEN,-0.6970,-2855,-0.59,-0.58,180
28658,7761,B,CLICKED,3.2527,13323,30.73,30.57,0
28658,7761,C,OPEN,3.3513,13727,21.97,21.86,0
28708,7811,A,OPEN,-0.6970,-2855,0.00,0.00,180
28708,7811,B,CLICKED,3.2527,13323,30.73,30.57,0
28708,7811,C,OPEN,3.3513,13727,21.97,21.86,0
28758,7861,A,OPEN,-0.7004,-2869,-3.52,-3.50,180
28758,7861,B,CLICKED,3.2527,13323,30.73,30.57,0
28758,7861,C,OPEN,3.3513,13727,21.97,21.86,0
28808,7911,A,OPEN,-0.7051,-2888,-6.15,-6.12,180
28808,7911,B,CLICKED,3.2527,13323,30.73,30.57,0
28808,7911,C,OPEN,3.3513,13727,21.97,21.86,0
28858,7961,A,OPEN,-0.7070,-2896,-2.05,-2.04,180
28858,7961,B,CLICKED,3.2527,13323,30.73,30.57,0
28858,7961,C,OPEN,3.3513,13727,21.97,21.86,0
28908,8011,A,OPEN,-0.7061,-2892,0.88,0.87,180
28908,8011,B,CLICKED,3.2527,13323,30.73,30.57,0
28908,8011,C,OPEN,3.3513,13727,21.97,21.86,0
28958,8061,A,OPEN,-0.7097,-2907,-4.10,-4.08,180
28958,8061,B,CLICKED,3.2527,13323,30.73,30.57,0
28958,8061,C,OPEN,3.3513,13727,21.97,21.86,0
29008,8111,A,OPEN,-0.7109,-2912,-1.76,-1.75,180
29008,8111,B,CLICKED,3.2527,13323,30.73,30.57,0
29008,8111,C,OPEN,3.3513,13727,21.97,21.86,0
29058,8161,A,OPEN,-0.7102,-2909,0.88,0.87,180
29058,8161,B,CLICKED,3.2527,13323,30.73,30.57,0
29058,8161,C,OPEN,3.3513,13727,21.97,21.86,0
29108,8211,A,OPEN,-0.7090,-2904,1.46,1.46,180
29108,8211,B,CLICKED,3.2527,13323,30.73,30.57,0
29108,8211,C,OPEN,3.3513,13727,21.97,21.86,0
29158,8261,A,OPEN,-0.7095,-2906,-0.59,-0.58,180
29158,8261,B,CLICKED,3.2527,13323,30.73,30.57,0
29158,8261,C,OPEN,3.3513,13727,21.97,21.86,0
29208,8311,A,OPEN,-0.7109,-2912,-1.76,-1.75,180
29208,8311,B,CLICKED,3.2527,13323,30.73,30.57,0
29208,8311,C,OPEN,3.3513,13727,21.97,21.86,0
29258,8361,A,OPEN,-0.7092,-2905,2.05,2.04,180
29258,8361,B,CLICKED,3.2527,13323,30.73,30.57,0
29258,8361,C,OPEN,3.3513,13727,21.97,21.86,0
29308,8411,A,OPEN,-0.7078,-2899,1.46,1.46,180
29308,8411,B,CLICKED,3.2527,13323,30.73,30.57,0
29308,8411,C,OPEN,3.3513,13727,21.97,21.86,0
29358,8461,A,OPEN,-0.7036,-2882,5.27,5.25,180
29358,8461,B,CLICKED,3.2527,13323,30.73,30.57,0
29358,8461,C,OPEN,3.3513,13727,21.97,21.86,0
29408,8511,A,OPEN,-0.6980,-2859,6.74,6.70,180
29408,8511,B,CLICKED,3.2527,13323,30.73,30.57,0
29408,8511,C,OPEN,3.3513,13727,21.97,21.86,0
29458,8561,A,OPEN,-0.6902,-2827,9.08,9.04,180
29458,8561,B,CLICKED,3.2527,13323,30.73,30.57,0
29458,8561,C,OPEN,3.3513,13727,21.97,21.86,0
29508,8611,A,OPEN,-0.6809,-2789,11.13,11.08,180
29508,8611,B,CLICKED,3.2527,13323,30.73,30.57,0
29508,8611,C,OPEN,3.3513,13727,21.97,21.86,0
29558,8661,A,OPEN,-0.6702,-2745,12.89,12.82,180
29558,8661,B,CLICKED,3.2527,13323,30.73,30.57,0
29558,8661,C,OPEN,3.3513,13727,21.97,21.86,0
29608,8711,A,OPEN,-0.6550,-2683,18.16,18.07,180
29608,8711,B,CLICKED,3.2527,13323,30.73,30.57,0
29608,8711,C,OPEN,3.3513,13727,21.97,21.86,0
29658,8761,A,OPEN,-0.6445,-2640,12.60,12.53,180
29658,8761,B,CLICKED,3.2527,13323,30.73,30.57,0
29658,8761,C,OPEN,3.3513,13727,21.97,21.86,0
29708,8811,A,OPEN,-0.6350,-2601,11.43,11.37,180
29708,8811,B,CLICKED,3.2527,13323,30.73,30.57,0
29708,8811,C,OPEN,3.3513,13727,21.97,21.86,0
29758,8861,A,OPEN,-0.6338,-2596,1.76,1.75,180
29758,8861,B,CLICKED,3.2527,13323,30.73,30.57,0
29758,8861,C,OPEN,3.3513,13727,21.97,21.86,0
29808,8911,A,OPEN,-0.6348,-2600,-1.17,-1.17,180
29808,8911,B,CLICKED,3.2527,13323,30.73,30.57,0
29808,8911,C,OPEN,3.3513,13727,21.97,21.86,0
29858,8961,A,OPEN,-0.6343,-2598,0.59,0.58,180
29858,8961,B,CLICKED,3.2527,13323,30.73,30.57,0
29858,8961,C,OPEN,3.3513,13727,21.97,21.86,0
29908,9011,A,OPEN,-0.6340,-2597,0.59,0.58,180
29908,9011,B,CLICKED,3.2527,13323,30.73,30.57,0
29908,9011,C,OPEN,3.3513,13727,21.97,21.86,0
29958,9061,A,OPEN,-0.6343,-2598,-0.59,-0.58,180
29958,9061,B,CLICKED,3.2527,13323,30.73,30.57,0
29958,9061,C,OPEN,3.3513,13727,21.97,21.86,0
30008,9111,A,OPEN,-0.6343,-2598,0.00,0.00,180
30008,9111,B,CLICKED,3.2527,13323,30.73,30.57,0
30008,9111,C,OPEN,3.3513,13727,21.97,21.86,0
30058,9161,A,OPEN,-0.6350,-2601,-0.59,-0.58,180
30058,9161,B,CLICKED,3.2527,13323,30.73,30.57,0
30058,9161,C,OPEN,3.3513,13727,21.97,21.86,0
30108,9211,A,OPEN,-0.6340,-2597,0.88,0.87,180
30108,9211,B,CLICKED,3.2527,13323,30.73,30.57,0
30108,9211,C,OPEN,3.3513,13727,21.97,21.86,0
30158,9261,A,OPEN,-0.6333,-2594,0.88,0.87,180
30158,9261,B,CLICKED,3.2527,13323,30.73,30.57,0
30158,9261,C,OPEN,3.3513,13727,21.97,21.86,0
30208,9311,A,OPEN,-0.6296,-2579,4.10,4.08,180
30208,9311,B,CLICKED,3.2527,13323,30.73,30.57,0
30208,9311,C,OPEN,3.3513,13727,21.97,21.86,0
30258,9361,A,OPEN,-0.6292,-2577,0.88,0.87,180
30258,9361,B,CLICKED,3.2527,13323,30.73,30.57,0
30258,9361,C,OPEN,3.3513,13727,21.97,21.86,0
30308,9411,A,OPEN,-0.6404,-2623,-12.89,-12.82,180
30308,9411,B,CLICKED,3.2527,13323,30.73,30.57,0
30308,9411,C,OPEN,3.3513,13727,21.97,21.86,0
30358,9461,A,OPEN,-0.6667,-2731,-31.35,-31.19,180
30358,9461,B,CLICKED,3.2527,13323,30.73,30.57,0
30358,9461,C,OPEN,3.3513,13727,21.97,21.86,0
30408,9511,A,OPEN,-0.7061,-2892,-47.75,-47.51,180
30408,9511,B,CLICKED,3.2527,13323,30.73,30.57,0
30408,9511,C,OPEN,3.3513,13727,21.97,21.86,0
30458,9561,A,OPEN,-0.7703,-3155,-75.88,-75.49,180
30458,9561,B,CLICKED,3.2527,13323,30.73,30.57,0
30458,9561,C,OPEN,3.3513,13727,21.97,21.86,0
30508,9611,A,OPEN,-0.8259,-3383,-67.38,-67.03,180
30508,9611,B,CLICKED,3.2527,13323,30.73,30.57,0
30508,9611,C,OPEN,3.3513,13727,21.97,21.86,0
30558,9661,A,OPEN,-0.8574,-3512,-37.79,-37.60,180
30558,9661,B,CLICKED,3.2527,13323,30.73,30.57,0
30558,9661,C,OPEN,3.3513,13727,21.97,21.86,0
30608,9711,A,OPEN,-0.8911,-3650,-40.72,-40.51,180
30608,9711,B,CLICKED,3.2527,13323,30.73,30.57,0
30608,9711,C,OPEN,3.3513,13727,21.97,21.86,0
30658,9761,A,OPEN,-0.9011,-3691,-12.01,-11.95,180
30658,9761,B,CLICKED,3.2527,13323,30.73,30.57,0
30658,9761,C,OPEN,3.3513,13727,21.97,21.86,0
30708,9811,A,OPEN,-0.9233,-3782,-26.66,-26.52,180
30708,9811,B,CLICKED,3.2527,13323,30.73,30.57,0
30708,9811,C,OPEN,3.3513,13727,21.97,21.86,0
30758,9861,A,OPEN,-0.9268,-3796,-4.98,-4.95,180
30758,9861,B,CLICKED,3.2527,13323,30.73,30.57,0
30758,9861,C,OPEN,3.3513,13727,21.97,21.86,0
30808,9911,A,OPEN,-0.9214,-3774,6.45,6.41,180
30808,9911,B,CLICKED,3.2527,13323,30.73,30.57,0
30808,9911,C,OPEN,3.3513,13727,21.97,21.86,0
30858,9961,A,OPEN,-0.9226,-3779,-1.17,-1.17,180
30858,9961,B,CLICKED,3.2527,13323,30.73,30.57,0
30858,9961,C,OPEN,3.3513,13727,21.97,21.86,0
30908,10011,A,OPEN,-0.9199,-3768,3.22,3.21,180
30908,10011,B,CLICKED,3.2527,13323,30.73,30.57,0
30908,10011,C,OPEN,3.3513,13727,21.97,21.86,0
30958,10061,A,OPEN,-0.9243,-3786,-5.27,-5.25,180
30958,10061,B,CLICKED,3.2527,13323,30.73,30.57,0
30958,10061,C,OPEN,3.3513,13727,21.97,21.86,0
31008,10111,A,OPEN,-0.9124,-3737,14.65,14.57,180
31008,10111,B,CLICKED,3.2527,13323,30.73,30.57,0
31008,10111,C,OPEN,3.3513,13727,21.97,21.86,0
31058,10161,A,OPEN,-0.9534,-3905,-47.75,-47.51,180
31058,10161,B,CLICKED,3.2527,13323,30.73,30.57,0
31058,10161,C,OPEN,3.3513,13727,21.97,21.86,0
31108,10211,A,OPEN,-1.0186,-4172,-77.64,-77.24,180
31108,10211,B,CLICKED,3.2527,13323,30.73,30.57,0
31108,10211,C,OPEN,3.3513,13727,21.97,21.86,0
31158,10261,A,OPEN,-1.1353,-4650,-140.04,-139.32,180
31158,10261,B,CLICKED,3.2527,13323,30.73,30.57,0
31158,10261,C,OPEN,3.3513,13727,21.97,21.86,0
31208,10311,A,OPEN,-1.1812,-4838,-57.13,-56.83,180
31208,10311,B,CLICKED,3.2527,13323,30.73,30.57,0
31208,10311,C,OPEN,3.3513,13727,21.97,21.86,0
31258,10361,A,OPEN,-1.1953,-4896,-17.29,-17.20,180
31258,10361,B,CLICKED,3.2527,13323,30.73,30.57,0
31258,10361,C,OPEN,3.3513,13727,21.97,21.86,0
31308,10411,A,OPEN,-1.1919,-4882,4.10,4.08,180
31308,10411,B,CLICKED,3.2527,13323,30.73,30.57,0
31308,10411,C,OPEN,3.3513,13727,21.97,21.86,0
31358,10461,A,OPEN,-1.1841,-4850,9.38,9.33,180
31358,10461,B,CLICKED,3.2527,13323,30.73,30.57,0
31358,10461,C,OPEN,3.3513,13727,21.97,21.86,0
31408,10511,A,OPEN,-1.1743,-4810,11.43,11.37,180
31408,10511,B,CLICKED,3.2527,13323,30.73,30.57,0
31408,10511,C,OPEN,3.3513,13727,21.97,21.86,0
31458,10561,A,OPEN,-1.1655,-4774,10.84,10.78,180
31458,10561,B,CLICKED,3.2527,13323,30.73,30.57,0
31458,10561,C,OPEN,3.3513,13727,21.97,21.86,0
31508,10611,A,OPEN,-1.1611,-4756,5.27,5.25,180
31508,10611,B,CLICKED,3.2527,13323,30.73,30.57,0
31508,10611,C,OPEN,3.3513,13727,21.97,21.86,0
31558,10661,A,OPEN,-1.1560,-4735,5.57,5.54,180
31558,10661,B,CLICKED,3.2527,13323,30.73,30.57,0
31558,10661,C,OPEN,3.3513,13727,21.97,21.86,0
31608,10711,A,OPEN,-1.1577,-4742,-1.17,-1.17,180
31608,10711,B,CLICKED,3.2527,13323,30.73,30.57,0
31608,10711,C,OPEN,3.3513,13727,21.97,21.86,0
31658,10761,A,OPEN,-1.1575,-4741,0.00,0.00,180
31658,10761,B,CLICKED,3.2527,13323,30.73,30.57,0
31658,10761,C,OPEN,3.3513,13727,21.97,21.86,0
31708,10811,A,OPEN,-1.1558,-4734,2.34,2.33,180
31708,10811,B,CLICKED,3.2527,13323,30.73,30.57,0
31708,10811,C,OPEN,3.3513,13727,21.97,21.86,0
31758,10861,A,OPEN,-1.1621,-4760,-7.62,-7.58,180
31758,10861,B,CLICKED,3.2527,13323,30.73,30.57,0
31758,10861,C,OPEN,3.3513,13727,21.97,21.86,0
31808,10911,A,OPEN,-1.1638,-4767,-2.34,-2.33,180
31808,10911,B,CLICKED,3.2527,13323,30.73,30.57,0
31808,10911,C,OPEN,3.3513,13727,21.97,21.86,0
31858,10961,A,OPEN,-1.1633,-4765,0.59,0.58,180
31858,10961,B,CLICKED,3.2527,13323,30.73,30.57,0
31858,10961,C,OPEN,3.3513,13727,21.97,21.86,0
--- EXPERIMENT FINAL SUMMARY ---
TotalDurationMs,10979
Summary,Tower_0,CLICKED,TimeSec,10.979,Rotations,-1.1616,Counts,-4758,AvgRPM,-6.35,TravelMM,-69.34
Summary,Tower_1,CLICKED,TimeSec,6.588,Rotations,3.2527,Counts,13323,AvgRPM,29.62,TravelMM,194.15
Summary,Tower_2,CLICKED,TimeSec,6.787,Rotations,3.3513,Counts,13727,AvgRPM,29.63,TravelMM,200.04
--- NEW UPWARD HOMING EXPERIMENT SESSION ---
--- NEW UPWARD HOMING EXPERIMENT SESSION ---
55657,50,A,OPEN,0.0115,47,8.79,8.74,200
55657,50,B,OPEN,0.0103,42,10.05,10.00,200
55657,50,C,OPEN,0.0061,25,7.32,7.29,200
55707,100,A,OPEN,0.0408,167,31.64,31.48,200
55707,100,B,OPEN,0.0337,138,27.54,27.40,200
55707,100,C,OPEN,0.0203,83,16.99,16.90,200
55757,150,A,OPEN,0.0857,351,50.84,50.58,200
55757,150,B,OPEN,0.0571,234,28.71,28.56,200
55757,150,C,OPEN,0.0400,164,23.73,23.61,200
55823,216,A,OPEN,0.1179,483,32.38,32.21,200
55823,216,B,OPEN,0.0913,374,30.76,30.60,200
55823,216,C,OPEN,0.0767,314,33.29,33.12,200
55873,266,A,OPEN,0.1309,536,15.53,15.45,200
55873,266,B,OPEN,0.1155,473,29.00,28.85,200
55873,266,C,OPEN,0.1069,438,36.33,36.14,200
55923,316,A,OPEN,0.1450,594,16.99,16.90,200
55923,316,B,OPEN,0.1409,577,30.47,30.31,200
55923,316,C,OPEN,0.1394,571,38.96,38.76,200
55973,366,A,OPEN,0.1565,641,13.77,13.70,200
55973,366,B,OPEN,0.1689,692,33.03,32.86,200
55973,366,C,OPEN,0.1724,706,39.55,39.35,200
56023,416,A,OPEN,0.1667,683,12.30,12.24,200
56023,416,B,OPEN,0.1985,813,35.45,35.27,200
56023,416,C,OPEN,0.2056,842,39.84,39.64,200
56074,467,A,OPEN,0.1748,716,9.48,9.43,200
56074,467,B,OPEN,0.2258,925,32.81,32.64,200
56074,467,C,OPEN,0.2368,970,36.76,36.57,200
56124,517,A,OPEN,0.1882,771,16.11,16.03,200
56124,517,B,OPEN,0.2595,1063,39.64,39.43,200
56124,517,C,OPEN,0.2646,1084,33.40,33.23,200
56174,567,A,OPEN,0.1941,795,7.03,6.99,200
56174,567,B,OPEN,0.2878,1179,33.98,33.81,200
56174,567,C,OPEN,0.2942,1205,35.45,35.27,200
56224,617,A,OPEN,0.2002,820,7.32,7.29,200
56224,617,B,OPEN,0.3154,1292,33.11,32.93,200
56224,617,C,OPEN,0.3196,1309,30.47,30.31,200
56274,667,A,OPEN,0.1816,744,-22.27,-22.15,200
56274,667,B,OPEN,0.3425,1403,32.52,32.35,200
56274,667,C,OPEN,0.3467,1420,32.52,32.35,200
56325,718,A,OPEN,0.0078,32,-204.50,-203.45,200
56325,718,B,OPEN,0.3660,1499,28.12,27.98,200
56325,718,C,OPEN,0.3730,1528,31.02,30.86,200
56375,768,A,OPEN,-0.0977,-400,-126.56,-125.91,200
56375,768,B,OPEN,0.3923,1607,31.64,31.48,200
56375,768,C,OPEN,0.4001,1639,32.52,32.35,200
56425,818,A,OPEN,-0.1006,-412,-3.52,-3.50,200
56425,818,B,OPEN,0.4182,1713,31.05,30.89,200
56425,818,C,OPEN,0.4263,1746,31.35,31.19,200
56475,868,A,OPEN,-0.0862,-353,17.29,17.20,200
56475,868,B,OPEN,0.4429,1814,29.59,29.44,200
56475,868,C,OPEN,0.4524,1853,31.35,31.19,200
56525,918,A,OPEN,-0.0940,-385,-9.38,-9.33,200
56525,918,B,OPEN,0.4680,1917,29.58,29.43,200
56525,918,C,OPEN,0.4771,1954,29.59,29.44,200
56575,968,A,OPEN,-0.1448,-593,-9.38,-9.33,200
56575,968,B,OPEN,0.4915,2013,29.58,29.43,200
56575,968,C,OPEN,0.5024,2058,29.59,29.44,200
56625,1018,A,OPEN,-0.2913,-1193,-96.56,-96.06,200
56625,1018,B,OPEN,0.5142,2106,25.53,25.40,200
56625,1018,C,OPEN,0.5256,2153,29.30,29.15,200
56676,1069,A,OPEN,-0.3525,-1444,-150.59,-149.81,200
56676,1069,B,OPEN,0.5371,2200,31.02,30.86,200
56676,1069,C,OPEN,0.5532,2266,29.59,29.44,200
56727,1120,A,OPEN,-0.3594,-1472,-29.85,-29.70,200
56727,1120,B,OPEN,0.5647,2313,29.86,29.71,200
56727,1120,C,OPEN,0.5784,2369,31.78,31.62,200
56777,1170,A,OPEN,-0.3513,-1439,4.98,4.95,200
56777,1170,B,OPEN,0.5852,2397,26.95,26.81,200
56777,1170,C,OPEN,0.6069,2486,31.35,31.19,200
56827,1220,A,OPEN,-0.3386,-1387,11.13,11.08,200
56827,1220,B,OPEN,0.6106,2501,29.30,29.15,200
56827,1220,C,OPEN,0.6328,2592,32.52,32.35,200
56877,1270,A,OPEN,-0.3235,-1325,21.09,20.98,200
56877,1270,B,OPEN,0.6289,2576,22.69,22.57,200
56877,1270,C,OPEN,0.6687,2739,37.79,37.60,200
56927,1320,A,OPEN,-0.3149,-1290,12.30,12.24,200
56927,1320,B,OPEN,0.6514,2668,29.88,29.73,200
56927,1320,C,OPEN,0.7014,2873,39.84,39.64,200
56977,1370,A,OPEN,-0.3062,-1254,12.01,11.95,200
56977,1370,B,OPEN,0.6760,2769,24.02,23.90,200
56977,1370,C,OPEN,0.7351,3011,42.19,41.97,200
57027,1420,A,OPEN,-0.2991,-1225,6.15,6.12,200
57027,1420,B,OPEN,0.6965,2853,23.73,23.61,200
57027,1420,C,OPEN,0.7637,3128,35.45,35.27,200
57078,1471,A,OPEN,-0.3032,-1242,4.88,4.86,200
57078,1471,B,OPEN,0.7219,2957,32.81,32.64,200
57078,1471,C,OPEN,0.7903,3237,34.75,34.57,200
57128,1521,A,OPEN,-0.3381,-1385,-10.84,-10.78,200
57128,1521,B,OPEN,0.7617,3120,39.55,39.35,200
57128,1521,C,OPEN,0.8186,3353,31.35,31.19,200
57179,1572,A,OPEN,-0.5093,-2086,-104.88,-104.34,200
57179,1572,B,OPEN,0.7971,3265,41.60,41.39,200
57179,1572,C,OPEN,0.8447,3460,33.11,32.93,200
57229,1622,A,OPEN,-0.5798,-2375,-182.81,-181.87,200
57229,1622,B,OPEN,0.8254,3381,39.26,39.06,200
57229,1622,C,OPEN,0.8735,3578,32.81,32.64,200
57280,1673,A,OPEN,-0.6067,-2485,-56.62,-56.33,200
57280,1673,B,OPEN,0.8518,3489,32.11,31.95,200
57280,1673,C,OPEN,0.8984,3680,31.83,31.67,200
57330,1723,A,OPEN,-0.6033,-2471,-12.89,-12.82,200
57330,1723,B,OPEN,0.8755,3586,30.47,30.31,200
57330,1723,C,OPEN,0.9221,3777,29.30,29.15,200
57381,1774,A,OPEN,-0.6001,-2458,7.91,7.87,200
57381,1774,B,OPEN,0.9036,3701,29.88,29.73,200
57381,1774,C,OPEN,0.9402,3851,23.44,23.32,200
57431,1824,A,OPEN,-0.5930,-2429,4.51,4.48,200
57431,1824,B,OPEN,0.9297,3808,32.11,31.95,200
57431,1824,C,OPEN,0.9580,3924,21.69,21.58,200
57481,1874,A,OPEN,-0.5906,-2419,10.91,10.86,200
57481,1874,B,OPEN,0.9575,3922,31.93,31.77,200
57481,1874,C,OPEN,0.9736,3988,20.11,20.00,200
57531,1924,A,OPEN,-0.6013,-2463,-4.39,-4.37,200
57531,1924,B,OPEN,0.9890,4051,36.62,36.43,200
57531,1924,C,OPEN,0.9907,4058,19.04,18.94,200
57581,1974,A,OPEN,-0.6272,-2569,-7.62,-7.58,200
57581,1974,B,OPEN,1.0164,4163,36.62,36.43,200
57581,1974,C,OPEN,1.0083,4130,21.39,21.28,200
57632,2025,A,OPEN,-0.7065,-2894,-70.61,-70.24,200
57632,2025,B,OPEN,1.0425,4270,32.81,32.64,200
57632,2025,C,OPEN,1.0288,4214,21.97,21.86,200
57682,2075,A,OPEN,-0.7786,-3189,-74.12,-73.74,200
57682,2075,B,OPEN,1.0645,4360,28.71,28.56,200
57682,2075,C,OPEN,1.0447,4279,24.61,24.48,200
57732,2125,A,OPEN,-0.8210,-3363,-92.87,-92.39,200
57732,2125,B,OPEN,1.0850,4444,24.90,24.77,200
57732,2125,C,OPEN,1.0637,4357,20.21,20.11,200
57782,2175,A,OPEN,-0.8367,-3427,-33.69,-33.52,200
57782,2175,B,OPEN,1.1064,4532,23.14,23.03,200
57782,2175,C,OPEN,1.0757,4406,21.68,21.57,200
57832,2225,A,OPEN,-0.8450,-3461,-20.68,-20.57,200
57832,2225,B,OPEN,1.1306,4631,26.71,26.57,200
57832,2225,C,OPEN,1.0945,4483,13.79,13.72,200
57882,2275,A,OPEN,-0.8428,-3452,0.00,0.00,200
57882,2275,B,OPEN,1.1545,4729,25.78,25.65,200
57882,2275,C,OPEN,1.1067,4533,23.73,23.61,200
57932,2325,A,OPEN,-0.8411,-3445,-0.88,-0.87,200
57932,2325,B,OPEN,1.1794,4831,32.52,32.35,200
57932,2325,C,OPEN,1.1311,4633,16.99,16.90,200
57983,2376,A,OPEN,-0.8335,-3414,8.20,8.16,200
57983,2376,B,OPEN,1.2041,4932,28.71,28.56,200
57983,2376,C,OPEN,1.1555,4733,32.81,32.64,200
58034,2427,A,OPEN,-0.8318,-3407,3.52,3.50,200
58034,2427,B,OPEN,1.2302,5039,33.98,33.81,200
58034,2427,C,OPEN,1.1848,4853,26.66,26.52,200
58084,2477,A,OPEN,-0.8284,-3393,5.57,5.54,200
58084,2477,B,OPEN,1.2593,5158,31.05,30.89,200
58084,2477,C,OPEN,1.2102,4957,35.16,34.97,200
58134,2527,A,OPEN,-0.8328,-3411,-3.22,-3.21,200
58134,2527,B,OPEN,1.2903,5285,37.79,37.60,200
58134,2527,C,OPEN,1.2358,5062,30.47,30.31,200
58184,2577,A,OPEN,-0.8389,-3436,-0.88,-0.87,200
58184,2577,B,OPEN,1.3232,5420,35.49,35.31,200
58184,2577,C,OPEN,1.2578,5152,28.42,28.27,200
58234,2627,A,OPEN,-0.8684,-3557,-19.92,-19.82,200
58234,2627,B,OPEN,1.3459,5513,33.98,33.81,200
58234,2627,C,OPEN,1.2764,5228,26.66,26.52,200
58284,2677,A,OPEN,-0.9424,-3860,-37.21,-37.01,200
58284,2677,B,OPEN,1.3657,5594,25.20,25.07,200
58284,2677,C,OPEN,1.2949,5304,18.46,18.36,200
58334,2727,A,OPEN,-1.0488,-4296,-138.87,-138.15,200
58334,2727,B,OPEN,1.3853,5674,22.85,22.73,200
58334,2727,C,OPEN,1.3193,5404,26.07,25.94,200
58385,2778,A,OPEN,-1.0876,-4455,-64.91,-64.58,200
58385,2778,B,OPEN,1.4089,5771,24.32,24.19,200
58385,2778,C,OPEN,1.3420,5497,28.15,28.00,200
58435,2828,A,OPEN,-1.0950,-4485,-60.06,-59.75,200
58435,2828,B,OPEN,1.4326,5868,31.93,31.77,200
58435,2828,C,OPEN,1.3660,5595,28.42,28.27,200
58485,2878,A,OPEN,-1.0916,-4471,3.81,3.79,200
58485,2878,B,OPEN,1.4556,5962,25.49,25.36,200
58485,2878,C,OPEN,1.3870,5681,27.25,27.11,200
58535,2928,A,OPEN,-1.0774,-4413,12.01,11.95,200
58535,2928,B,OPEN,1.4805,6064,25.28,25.15,200
58535,2928,C,OPEN,1.4082,5768,25.78,25.65,200
58585,2978,A,OPEN,-1.0674,-4372,18.75,18.65,200
58585,2978,B,OPEN,1.4949,6123,23.73,23.61,200
58585,2978,C,OPEN,1.4275,5847,23.73,23.61,200
58635,3028,A,OPEN,-1.0574,-4331,7.62,7.58,200
58635,3028,B,OPEN,1.5142,6202,16.41,16.32,200
58635,3028,C,OPEN,1.4468,5926,22.27,22.15,200
58685,3078,A,OPEN,-1.0530,-4313,13.48,13.41,200
58685,3078,B,OPEN,1.5276,6257,27.83,27.69,200
58685,3078,C,OPEN,1.4644,5998,23.14,23.03,200
58735,3128,A,OPEN,-1.0542,-4318,0.29,0.29,200
58735,3128,B,OPEN,1.5505,6351,19.34,19.24,200
58735,3128,C,OPEN,1.4822,6071,19.53,19.43,200
58785,3178,A,OPEN,-1.0933,-4478,-15.23,-15.16,200
58785,3178,B,OPEN,1.5613,6395,28.71,28.56,200
58785,3178,C,OPEN,1.4993,6141,22.69,22.57,200
58835,3228,A,OPEN,-1.1846,-4852,-87.01,-86.56,200
58835,3228,B,OPEN,1.5774,6461,14.65,14.57,200
58835,3228,C,OPEN,1.5156,6208,18.46,18.36,200
58886,3279,A,OPEN,-1.2781,-5235,-125.80,-125.15,200
58886,3279,B,OPEN,1.6023,6563,27.83,27.69,200
58886,3279,C,OPEN,1.5354,6289,24.32,24.19,200
58936,3329,A,OPEN,-1.3052,-5346,-65.04,-64.70,200
58936,3329,B,OPEN,1.6228,6647,24.90,24.77,200
58936,3329,C,OPEN,1.5532,6362,20.51,20.40,200
58986,3379,A,OPEN,-1.3203,-5408,-16.99,-16.90,200
58986,3379,B,OPEN,1.6501,6759,22.56,22.44,200
58986,3379,C,OPEN,1.5750,6451,24.61,24.48,200
59036,3429,A,OPEN,-1.3167,-5393,-7.62,-7.58,200
59036,3429,B,OPEN,1.6675,6830,23.73,23.61,200
59036,3429,C,OPEN,1.5964,6539,23.73,23.61,200
59086,3479,A,OPEN,-1.3159,-5390,3.22,3.21,200
59086,3479,B,OPEN,1.7065,6990,33.61,33.43,200
59086,3479,C,OPEN,1.6211,6640,30.16,30.00,200
59136,3529,A,OPEN,-1.3088,-5361,3.52,3.50,200
59136,3529,B,OPEN,1.7410,7131,38.09,37.89,200
59136,3529,C,OPEN,1.6479,6750,27.25,27.11,200
59186,3579,A,OPEN,-1.3079,-5357,5.86,5.83,200
59186,3579,B,OPEN,1.7769,7278,52.15,51.88,200
59186,3579,C,OPEN,1.6770,6869,36.33,36.14,200
59236,3629,A,OPEN,-1.3047,-5344,2.64,2.62,200
59236,3629,B,OPEN,1.8069,7401,38.49,38.29,200
59236,3629,C,OPEN,1.7078,6995,36.62,36.43,200
59286,3679,A,OPEN,-1.3247,-5426,-0.88,-0.87,200
59286,3679,B,OPEN,1.8311,7500,33.98,33.81,200
59286,3679,C,OPEN,1.7378,7118,34.86,34.68,200
59336,3729,A,OPEN,-1.3806,-5655,-30.47,-30.31,200
59336,3729,B,OPEN,1.8542,7595,25.49,25.36,200
59336,3729,C,OPEN,1.7634,7223,34.86,34.68,200
59386,3779,A,OPEN,-1.5327,-6278,-98.73,-98.22,200
59386,3779,B,OPEN,1.8789,7696,27.83,27.69,200
59386,3779,C,OPEN,1.7883,7325,28.12,27.98,200
59437,3830,A,OPEN,-1.5957,-6536,-182.96,-182.02,200
59437,3830,B,OPEN,1.9048,7802,29.30,29.15,200
59437,3830,C,OPEN,1.8105,7416,29.59,29.44,200
59487,3880,A,OPEN,-1.6077,-6585,-37.50,-37.31,200
59487,3880,B,OPEN,1.9304,7907,33.40,33.23,200
59487,3880,C,OPEN,1.8362,7521,27.54,27.40,200
59537,3930,A,OPEN,-1.6042,-6571,-5.86,-5.83,200
59537,3930,B,OPEN,1.9587,8023,32.81,32.64,200
59537,3930,C,OPEN,1.8577,7609,30.76,30.60,200
59588,3981,A,OPEN,-1.5967,-6540,11.43,11.37,200
59588,3981,B,OPEN,1.9900,8151,36.04,35.85,200
59588,3981,C,OPEN,1.8831,7713,24.90,24.77,200
59638,4031,A,OPEN,-1.5896,-6511,7.04,7.01,200
59638,4031,B,OPEN,2.0183,8267,34.28,34.10,200
59638,4031,C,OPEN,1.9055,7805,30.16,30.00,200
59688,4081,A,OPEN,-1.5789,-6467,12.64,12.57,200
59688,4081,B,OPEN,2.0474,8386,36.33,36.14,200
59688,4081,C,OPEN,1.9285,7899,25.28,25.15,200
59738,4131,A,OPEN,-1.5784,-6465,5.27,5.25,200
59738,4131,B,OPEN,2.0693,8476,29.88,29.73,200
59738,4131,C,OPEN,1.9475,7977,26.95,26.81,200
59788,4181,A,OPEN,-1.5757,-6454,4.69,4.66,200
59788,4181,B,OPEN,2.0896,8559,24.32,24.19,200
59788,4181,C,OPEN,1.9646,8047,21.39,21.28,200
59839,4232,A,OPEN,-1.6287,-6671,-109.28,-108.71,200
59839,4232,B,OPEN,2.1165,8669,30.18,30.02,200
59839,4232,C,OPEN,1.9878,8142,29.88,29.73,200
59889,4282,A,OPEN,-1.7095,-7002,-19.04,-18.94,200
59889,4282,B,OPEN,2.1453,8787,26.95,26.81,200
59889,4282,C,OPEN,2.0137,8248,24.02,23.90,200
59939,4332,A,OPEN,-1.8354,-7518,-142.09,-141.36,200
59939,4332,B,OPEN,2.1699,8888,30.18,30.02,200
59939,4332,C,OPEN,2.0371,8344,29.59,29.44,200
59989,4382,A,OPEN,-1.8523,-7587,-81.86,-81.44,200
59989,4382,B,OPEN,2.2041,9028,39.92,39.72,200
59989,4382,C,OPEN,2.0610,8442,28.72,28.57,200
60039,4432,A,OPEN,-1.8584,-7612,-1.76,-1.75,200
60039,4432,B,OPEN,2.2383,9168,36.91,36.72,200
60039,4432,C,OPEN,2.0867,8547,31.35,31.19,200
60089,4482,A,OPEN,-1.8464,-7563,16.95,16.86,200
60089,4482,B,OPEN,2.2693,9295,43.95,43.72,200
60089,4482,C,OPEN,2.1157,8666,31.59,31.43,200
60139,4532,A,OPEN,-1.8347,-7515,15.23,15.16,200
60139,4532,B,OPEN,2.3013,9426,39.84,39.64,200
60139,4532,C,OPEN,2.1523,8816,37.21,37.01,200
60189,4582,A,OPEN,-1.8293,-7493,11.43,11.37,200
60189,4582,B,OPEN,2.3220,9511,32.23,32.06,200
60189,4582,C,OPEN,2.1860,8954,42.48,42.26,200
60239,4632,A,OPEN,-1.8203,-7456,6.45,6.41,200
60239,4632,B,OPEN,2.3486,9620,32.81,32.64,200
60239,4632,C,OPEN,2.2180,9085,39.26,39.06,200
60289,4682,A,OPEN,-1.8174,-7444,-1.17,-1.17,200
60289,4682,B,OPEN,2.3716,9714,23.14,23.03,200
60289,4682,C,OPEN,2.2495,9214,37.21,37.01,200
60339,4732,A,OPEN,-1.8374,-7526,24.90,24.77,200
60339,4732,B,OPEN,2.3999,9830,32.23,32.06,200
60339,4732,C,OPEN,2.2754,9320,36.33,36.14,200
60390,4783,A,OPEN,-1.9500,-7987,-36.48,-36.29,200
60390,4783,B,OPEN,2.4260,9937,28.72,28.57,200
60390,4783,C,OPEN,2.3040,9437,30.73,30.57,200
60440,4833,A,OPEN,-2.0537,-8412,-145.02,-144.27,200
60440,4833,B,OPEN,2.4509,10039,33.69,33.52,200
60440,4833,C,OPEN,2.3313,9549,35.16,34.97,200
60491,4884,A,OPEN,-2.0593,-8435,-147.66,-146.89,200
60491,4884,B,OPEN,2.4771,10146,29.88,29.73,200
60491,4884,C,OPEN,2.3604,9668,33.40,33.23,200
60542,4935,A,OPEN,-2.0984,-8595,-10.25,-10.20,200
60542,4935,B,OPEN,2.4949,10219,27.83,27.69,200
60542,4935,C,OPEN,2.3882,9782,32.52,32.35,200
60593,4986,A,OPEN,-2.0901,-8561,-4.69,-4.66,200
60593,4986,B,OPEN,2.5234,10336,29.88,29.73,200
60593,4986,C,OPEN,2.4158,9895,32.81,32.64,200
60643,5036,A,OPEN,-2.0815,-8526,16.11,16.03,200
60643,5036,B,OPEN,2.5500,10445,22.27,22.15,200
60643,5036,C,OPEN,2.4414,10000,29.88,29.73,200
60693,5086,A,OPEN,-2.0691,-8475,14.36,14.28,200
60693,5086,B,OPEN,2.5723,10536,35.16,34.97,200
60693,5086,C,OPEN,2.4675,10107,31.35,31.19,200
60743,5136,A,OPEN,-2.0615,-8444,13.48,13.41,200
60743,5136,B,OPEN,2.5913,10614,21.13,21.02,200
60743,5136,C,OPEN,2.4929,10211,32.23,32.06,200
60793,5186,A,OPEN,-2.1006,-8604,-9.08,-9.04,200
60793,5186,B,OPEN,2.6152,10712,28.12,27.98,200
60793,5186,C,OPEN,2.5183,10315,30.76,30.60,200
60843,5236,A,OPEN,-2.2048,-9031,-42.19,-41.97,200
60843,5236,B,OPEN,2.6399,10813,26.07,25.94,200
60843,5236,C,OPEN,2.5464,10430,30.18,30.02,200
60894,5287,A,OPEN,-2.2883,-9373,-178.37,-177.45,200
60894,5287,B,OPEN,2.6658,10919,36.33,36.14,200
60894,5287,C,OPEN,2.5740,10543,34.75,34.57,200
60944,5337,A,OPEN,-2.3215,-9509,-61.52,-61.21,200
60944,5337,B,OPEN,2.6953,11040,27.83,27.69,200
60944,5337,C,OPEN,2.6025,10660,32.23,32.06,200
61020,5413,A,OPEN,-2.3225,-9513,-10.56,-10.51,200
61020,5413,B,OPEN,2.7473,11253,40.85,40.64,200
61020,5413,C,OPEN,2.6465,10840,34.93,34.75,200
61070,5463,A,OPEN,-2.3186,-9497,4.69,4.66,200
61070,5463,B,OPEN,2.7800,11387,39.26,39.06,200
61070,5463,C,OPEN,2.6802,10978,40.43,40.22,200
61120,5513,A,OPEN,-2.3110,-9466,9.08,9.04,200
61120,5513,B,OPEN,2.8062,11494,30.73,30.57,200
61120,5513,C,OPEN,2.7144,11118,41.02,40.80,200
61170,5563,A,OPEN,-2.3071,-9450,4.69,4.66,200
61170,5563,B,OPEN,2.8313,11597,30.18,30.02,200
61170,5563,C,OPEN,2.7439,11239,35.45,35.27,200
61220,5613,A,OPEN,-2.3042,-9438,3.52,3.50,200
61220,5613,B,OPEN,2.8572,11703,31.05,30.89,200
61220,5613,C,OPEN,2.7729,11358,34.86,34.68,200
61270,5663,A,OPEN,-2.3159,-9486,-14.06,-13.99,200
61270,5663,B,OPEN,2.8821,11805,29.88,29.73,200
61270,5663,C,OPEN,2.7976,11459,29.59,29.44,200
61321,5714,A,OPEN,-2.3735,-9722,-67.78,-67.43,200
61321,5714,B,OPEN,2.9128,11931,36.91,36.72,200
61321,5714,C,OPEN,2.8235,11565,30.45,30.29,200
61371,5764,A,OPEN,-2.5444,-10422,-205.08,-204.02,200
61371,5764,B,OPEN,2.9424,12052,35.45,35.27,200
61371,5764,C,OPEN,2.8489,11669,30.47,30.31,200
61421,5814,A,OPEN,-2.5935,-10623,-58.89,-58.58,200
61421,5814,B,OPEN,2.9736,12180,37.50,37.31,200
61421,5814,C,OPEN,2.8743,11773,30.47,30.31,200
61471,5864,A,OPEN,-2.6067,-10677,-15.82,-15.74,200
61471,5864,B,OPEN,3.0059,12312,37.91,37.72,200
61471,5864,C,OPEN,2.8982,11871,28.71,28.56,200
61521,5914,A,OPEN,-2.6018,-10657,5.86,5.83,200
61521,5914,B,OPEN,3.0349,12431,34.86,34.68,200
61521,5914,C,OPEN,2.9226,11971,29.30,29.15,200
61571,5964,A,OPEN,-2.5996,-10648,2.64,2.62,200
61571,5964,B,OPEN,3.0588,12529,28.71,28.56,200
61571,5964,C,OPEN,2.9434,12056,24.90,24.77,200
61621,6014,A,OPEN,-2.5969,-10637,3.22,3.21,200
61621,6014,B,OPEN,3.0820,12624,27.83,27.69,200
61621,6014,C,OPEN,2.9631,12137,23.73,23.61,200
61672,6065,A,OPEN,-2.5967,-10636,0.29,0.29,200
61672,6065,B,OPEN,3.1021,12706,24.02,23.90,200
61672,6065,C,OPEN,2.9822,12215,22.40,22.29,200
61722,6115,A,OPEN,-2.5967,-10636,0.00,0.00,200
61722,6115,B,OPEN,3.1243,12797,26.66,26.52,200
61722,6115,C,OPEN,3.0005,12290,21.97,21.86,200
61772,6165,A,OPEN,-2.5962,-10634,0.59,0.58,200
61772,6165,B,OPEN,3.1499,12902,30.76,30.60,200
61772,6165,C,OPEN,3.0220,12378,25.78,25.65,200
61822,6215,A,OPEN,-2.5977,-10640,-1.76,-1.75,200
61822,6215,B,OPEN,3.1750,13005,29.58,29.43,200
61822,6215,C,OPEN,3.0425,12462,24.61,24.48,200
61872,6265,A,OPEN,-2.5972,-10638,0.59,0.58,200
61872,6265,B,OPEN,3.1968,13094,26.07,25.94,200
61872,6265,C,OPEN,3.0693,12572,32.23,32.06,200
61922,6315,A,OPEN,-2.5977,-10640,-0.59,-0.58,200
61922,6315,B,OPEN,3.2227,13200,31.05,30.89,200
61922,6315,C,OPEN,3.0867,12643,20.80,20.69,200
61972,6365,A,OPEN,-2.5984,-10643,-0.88,-0.87,200
61972,6365,B,OPEN,3.2505,13314,33.40,33.23,200
61972,6365,C,OPEN,3.1169,12767,36.33,36.14,200
62023,6416,A,OPEN,-2.5999,-10649,-1.72,-1.71,200
62023,6416,B,OPEN,3.2786,13429,33.69,33.52,200
62023,6416,C,OPEN,3.1287,12815,13.79,13.72,200
62074,6467,A,OPEN,-2.5984,-10643,1.76,1.75,200
62074,6467,B,CLICKED,3.2927,13487,33.69,33.52,0
62074,6467,C,OPEN,3.1553,12924,31.31,31.15,200
62124,6517,A,OPEN,-2.5972,-10638,0.59,0.58,200
62124,6517,B,CLICKED,3.2927,13487,33.69,33.52,0
62124,6517,C,OPEN,3.1755,13007,24.32,24.19,200
62174,6567,A,OPEN,-2.5933,-10622,5.57,5.54,200
62174,6567,B,CLICKED,3.2927,13487,33.69,33.52,0
62174,6567,C,OPEN,3.2056,13130,36.04,35.85,200
62224,6617,A,OPEN,-2.5872,-10597,5.86,5.83,200
62224,6617,B,CLICKED,3.2927,13487,33.69,33.52,0
62224,6617,C,OPEN,3.2283,13223,27.25,27.11,200
62274,6667,A,OPEN,-2.5884,-10602,2.05,2.04,200
62274,6667,B,CLICKED,3.2927,13487,33.69,33.52,0
62274,6667,C,OPEN,3.2458,13295,21.09,20.98,200
62324,6717,A,OPEN,-2.5962,-10634,-12.01,-11.95,200
62324,6717,B,CLICKED,3.2927,13487,33.69,33.52,0
62324,6717,C,OPEN,3.2590,13349,15.82,15.74,200
62374,6767,A,OPEN,-2.6946,-11037,-112.21,-111.63,200
62374,6767,B,CLICKED,3.2927,13487,33.69,33.52,0
62374,6767,C,OPEN,3.2676,13384,15.82,15.74,200
62424,6817,A,OPEN,-2.8623,-11724,-204.79,-203.73,200
62424,6817,B,CLICKED,3.2927,13487,33.69,33.52,0
62424,6817,C,OPEN,3.2715,13400,7.53,7.49,200
62474,6867,A,OPEN,-2.8718,-11763,-12.89,-12.82,200
62474,6867,B,CLICKED,3.2927,13487,33.69,33.52,0
62474,6867,C,OPEN,3.2681,13386,2.30,2.29,200
62524,6917,A,OPEN,-2.8606,-11717,12.64,12.57,200
62524,6917,B,CLICKED,3.2927,13487,33.69,33.52,0
62524,6917,C,OPEN,3.2588,13348,-7.32,-7.29,200
62574,6967,A,OPEN,-2.8508,-11677,12.01,11.95,200
62574,6967,B,CLICKED,3.2927,13487,33.69,33.52,0
62574,6967,C,OPEN,3.2566,13339,-7.32,-7.29,200
62624,7017,A,OPEN,-2.8357,-11615,17.58,17.49,200
62624,7017,B,CLICKED,3.2927,13487,33.69,33.52,0
62624,7017,C,OPEN,3.2581,13345,0.00,0.00,200
62674,7067,A,OPEN,-2.8315,-11598,5.57,5.54,200
62674,7067,B,CLICKED,3.2927,13487,33.69,33.52,0
62674,7067,C,OPEN,3.2583,13346,2.34,2.33,200
62724,7117,A,OPEN,-2.8284,-11585,3.81,3.79,200
62724,7117,B,CLICKED,3.2927,13487,33.69,33.52,0
62724,7117,C,OPEN,3.2588,13348,-1.15,-1.14,200
62774,7167,A,OPEN,-2.8328,-11603,-5.27,-5.25,200
62774,7167,B,CLICKED,3.2927,13487,33.69,33.52,0
62774,7167,C,OPEN,3.2593,13350,2.05,2.04,200
62824,7217,A,OPEN,-2.8354,-11614,-3.16,-3.14,200
62824,7217,B,CLICKED,3.2927,13487,33.69,33.52,0
62824,7217,C,OPEN,3.2588,13348,-2.93,-2.91,200
62874,7267,A,OPEN,-2.8538,-11689,-21.97,-21.86,200
62874,7267,B,CLICKED,3.2927,13487,33.69,33.52,0
62874,7267,C,OPEN,3.2583,13346,2.93,2.91,200
62924,7317,A,OPEN,-2.8833,-11810,-21.97,-21.86,200
62924,7317,B,CLICKED,3.2927,13487,33.69,33.52,0
62924,7317,C,OPEN,3.2566,13339,-3.81,-3.79,200
62974,7367,A,OPEN,-2.9492,-12080,-46.49,-46.25,200
62974,7367,B,CLICKED,3.2927,13487,33.69,33.52,0
62974,7367,C,OPEN,3.2522,13321,-2.05,-2.04,200
63024,7417,A,OPEN,-3.0088,-12324,-86.43,-85.98,200
63024,7417,B,CLICKED,3.2927,13487,33.69,33.52,0
63024,7417,C,OPEN,3.2502,13313,-5.27,-5.25,200
63074,7467,A,OPEN,-3.0488,-12488,-53.07,-52.79,200
63074,7467,B,CLICKED,3.2927,13487,33.69,33.52,0
63074,7467,C,OPEN,3.2502,13313,0.88,0.87,200
63125,7518,A,OPEN,-3.0608,-12537,-33.98,-33.81,200
63125,7518,B,CLICKED,3.2927,13487,33.69,33.52,0
63125,7518,C,OPEN,3.2502,13313,-2.05,-2.04,200
63175,7568,A,OPEN,-3.0742,-12592,-9.08,-9.04,200
63175,7568,B,CLICKED,3.2927,13487,33.69,33.52,0
63175,7568,C,OPEN,3.2542,13329,3.52,3.50,200
63225,7618,A,OPEN,-3.0881,-12649,-24.32,-24.19,200
63225,7618,B,CLICKED,3.2927,13487,33.69,33.52,0
63225,7618,C,OPEN,3.2583,13346,4.39,4.37,200
63275,7668,A,OPEN,-3.0957,-12680,-8.90,-8.86,200
63275,7668,B,CLICKED,3.2927,13487,33.69,33.52,0
63275,7668,C,OPEN,3.2600,13353,4.39,4.37,200
63326,7719,A,OPEN,-3.1001,-12698,-9.67,-9.62,200
63326,7719,B,CLICKED,3.2927,13487,33.69,33.52,0
63326,7719,C,OPEN,3.2610,13357,0.59,0.58,200
63376,7769,A,OPEN,-3.0989,-12693,0.29,0.29,200
63376,7769,B,CLICKED,3.2927,13487,33.69,33.52,0
63376,7769,C,OPEN,3.2615,13359,4.10,4.08,200
63426,7819,A,OPEN,-3.1013,-12703,-2.93,-2.91,200
63426,7819,B,CLICKED,3.2927,13487,33.69,33.52,0
63426,7819,C,OPEN,3.2581,13345,-5.57,-5.54,200
63476,7869,A,OPEN,-3.0994,-12695,2.01,2.00,200
63476,7869,B,CLICKED,3.2927,13487,33.69,33.52,0
63476,7869,C,OPEN,3.2595,13351,0.88,0.87,200
63526,7919,A,OPEN,-3.1018,-12705,-2.05,-2.04,200
63526,7919,B,CLICKED,3.2927,13487,33.69,33.52,0
63526,7919,C,OPEN,3.2581,13345,-0.88,-0.87,200
63576,7969,A,CLICKED,-3.0986,-12692,-2.05,-2.04,0
63576,7969,B,CLICKED,3.2927,13487,33.69,33.52,0
63576,7969,C,OPEN,3.2595,13351,0.59,0.58,200
63626,8019,A,CLICKED,-3.0986,-12692,-2.05,-2.04,0
63626,8019,B,CLICKED,3.2927,13487,33.69,33.52,0
63626,8019,C,OPEN,3.2598,13352,0.29,0.29,200
63676,8069,A,CLICKED,-3.0986,-12692,-2.05,-2.04,0
63676,8069,B,CLICKED,3.2927,13487,33.69,33.52,0
63676,8069,C,OPEN,3.2620,13361,-0.29,-0.29,200
63726,8119,A,CLICKED,-3.0986,-12692,-2.05,-2.04,0
63726,8119,B,CLICKED,3.2927,13487,33.69,33.52,0
63726,8119,C,OPEN,3.2603,13354,2.34,2.33,200
63776,8169,A,CLICKED,-3.0986,-12692,-2.05,-2.04,0
63776,8169,B,CLICKED,3.2927,13487,33.69,33.52,0
63776,8169,C,OPEN,3.2664,13379,1.46,1.46,200
63826,8219,A,CLICKED,-3.0986,-12692,-2.05,-2.04,0
63826,8219,B,CLICKED,3.2927,13487,33.69,33.52,0
63826,8219,C,OPEN,3.2690,13390,6.45,6.41,200
63876,8269,A,CLICKED,-3.0986,-12692,-2.05,-2.04,0
63876,8269,B,CLICKED,3.2927,13487,33.69,33.52,0
63876,8269,C,OPEN,3.2742,13411,2.05,2.04,200
63926,8319,A,CLICKED,-3.0986,-12692,-2.05,-2.04,0
63926,8319,B,CLICKED,3.2927,13487,33.69,33.52,0
63926,8319,C,OPEN,3.2708,13397,0.88,0.87,200
63976,8369,A,CLICKED,-3.0986,-12692,-2.05,-2.04,0
63976,8369,B,CLICKED,3.2927,13487,33.69,33.52,0
63976,8369,C,OPEN,3.2715,13400,-0.88,-0.87,200
64026,8419,A,CLICKED,-3.0986,-12692,-2.05,-2.04,0
64026,8419,B,CLICKED,3.2927,13487,33.69,33.52,0
64026,8419,C,OPEN,3.2712,13399,1.76,1.75,200
64076,8469,A,CLICKED,-3.0986,-12692,-2.05,-2.04,0
64076,8469,B,CLICKED,3.2927,13487,33.69,33.52,0
64076,8469,C,OPEN,3.2749,13414,1.46,1.46,200
64126,8519,A,CLICKED,-3.0986,-12692,-2.05,-2.04,0
64126,8519,B,CLICKED,3.2927,13487,33.69,33.52,0
64126,8519,C,OPEN,3.2783,13428,3.81,3.79,200
64176,8569,A,CLICKED,-3.0986,-12692,-2.05,-2.04,0
64176,8569,B,CLICKED,3.2927,13487,33.69,33.52,0
64176,8569,C,OPEN,3.2903,13477,7.91,7.87,200
64226,8619,A,CLICKED,-3.0986,-12692,-2.05,-2.04,0
64226,8619,B,CLICKED,3.2927,13487,33.69,33.52,0
64226,8619,C,OPEN,3.2939,13492,11.13,11.08,200
64276,8669,A,CLICKED,-3.0986,-12692,-2.05,-2.04,0
64276,8669,B,CLICKED,3.2927,13487,33.69,33.52,0
64276,8669,C,OPEN,3.2986,13511,2.05,2.04,200
64326,8719,A,CLICKED,-3.0986,-12692,-2.05,-2.04,0
64326,8719,B,CLICKED,3.2927,13487,33.69,33.52,0
64326,8719,C,OPEN,3.3018,13524,7.32,7.29,200
64376,8769,A,CLICKED,-3.0986,-12692,-2.05,-2.04,0
64376,8769,B,CLICKED,3.2927,13487,33.69,33.52,0
64376,8769,C,OPEN,3.3042,13534,1.46,1.46,200
64426,8819,A,CLICKED,-3.0986,-12692,-2.05,-2.04,0
64426,8819,B,CLICKED,3.2927,13487,33.69,33.52,0
64426,8819,C,OPEN,3.3083,13551,6.74,6.70,200
64476,8869,A,CLICKED,-3.0986,-12692,-2.05,-2.04,0
64476,8869,B,CLICKED,3.2927,13487,33.69,33.52,0
64476,8869,C,OPEN,3.3135,13572,3.22,3.21,200
64526,8919,A,CLICKED,-3.0986,-12692,-2.05,-2.04,0
64526,8919,B,CLICKED,3.2927,13487,33.69,33.52,0
64526,8919,C,OPEN,3.3157,13581,6.74,6.70,200
64576,8969,A,CLICKED,-3.0986,-12692,-2.05,-2.04,0
64576,8969,B,CLICKED,3.2927,13487,33.69,33.52,0
64576,8969,C,OPEN,3.3176,13589,0.88,0.87,200
64626,9019,A,CLICKED,-3.0986,-12692,-2.05,-2.04,0
64626,9019,B,CLICKED,3.2927,13487,33.69,33.52,0
64626,9019,C,OPEN,3.3250,13619,7.91,7.87,200
64676,9069,A,CLICKED,-3.0986,-12692,-2.05,-2.04,0
64676,9069,B,CLICKED,3.2927,13487,33.69,33.52,0
64676,9069,C,OPEN,3.3354,13662,8.20,8.16,200
--- EXPERIMENT FINAL SUMMARY ---
TotalDurationMs,9092
Summary,Tower_0,CLICKED,TimeSec,7.941,Rotations,-3.0986,Counts,-12692,AvgRPM,-23.41,TravelMM,-184.96
Summary,Tower_1,CLICKED,TimeSec,6.447,Rotations,3.2927,Counts,13487,AvgRPM,30.64,TravelMM,196.54
Summary,Tower_2,CLICKED,TimeSec,9.091,Rotations,3.3418,Counts,13688,AvgRPM,22.06,TravelMM,199.47
--- NEW UPWARD HOMING EXPERIMENT SESSION ---
